Workbook

Sheet individual (2)
B2: Formulario solicitud de suministro
B4: DATOS DEL SUMINISTRO
B6: Departamento | G6: Localidad
B8: Calle | G8: Nro. de puerta | L8: Duplicador
B10: Aviso de Acceso | L10: Desea recibir las notificaciones en esta direccion
B13: DATOS DEL CLIENTE
B15: Nombre | G15: Apellido | L15: Cedula / RUT
B17: Telefono de contacto | G17: Email
B21: Dirección de envío de notificaciones
B23: Calle | G23: nro. de puerta | L23: Apartamento
B25: Departamento | G25: Localidad
B28: DATOS TÉCNICOS DE LA SOLICITUD
B30: Tipo de Solicitud Individual | F30: Pasa Linea | J30: Acometida
B32: Trámite | F32: Requerimiento | J32: Actividad
B34: Trámite asociado
B36: Tensión suministro | F36: Tarifa | J36: Fases
B38: Potencia solicitada | F38: Potencia en Punta-Llano | J38: Potencia en Valle
B41: Certificado de carga | F41: Instalada en calefacción
B44: La instalación incluye alguna carga perturbadora o sensible
B48: Observaciones

Sheet Inicio

Sheet Individual
B5: DATOS DEL SUMINISTRO
B7: Departamento * | E7: Localidad * | H7: Padrón / Nro. Medidor vecino
B9: Calle * | E9: Nro. de puerta * | H9: Duplicador | K9: Apartamento
B12: Aviso de Acceso / Esquina * | J12: ¿Desea recibir las notificaciones en esta dirección? *
B15: DATOS DEL CLIENTE
B17: Documento * | E17: Nro * | H17: =IF(B18="Otros","Indicar tipo de documento","")
K18: =IF(B18="Otros","CI extranjera, pasaporte, BPS, etc.","")
B19: =IF(B18="RUT","Razón Social","Nombre y apellido") -> Nombre y apellido | E19: Teléfono de contacto * | H19: Email *
B23: Dirección de envío de notificaciones
B25: Calle | E25: Nro. de puerta | H25: Duplicador | K25: Apartamento
B27: Departamento | E27: Localidad
B30: DATOS TÉCNICOS DE LA SOLICITUD
B32: Tipo de Solicitud Individual * | E32: Pasa Línea * | H32: Acometida *
B34: Trámite * | E34: Requerimiento | F34: * | H34: Actividad *
B36: Trámite asociado | E36: Tipo puesta de medida *
H37: =IF(B35="Provisorio General *","En Observaciones (al final del formulario) debe indicar: fecha inicio/fin del provisorio, asi como horas diarias estimadas de utilización","")
B38: Tensión suministro * | E38: Tarifa * | H38: Fases *
B40: Potencia solicitada *
E41: =IF(B41="Potencia excepcional","Seleccionar","") | G41: =IFERROR(VLOOKUP(F41,check!E43:F48,2,FALSE),"")
E42: =IF(B41="Mayor a 40 KW","Ingresar","")
B44: Doble contratación de Potencia | D44: Si/No
B45: Potencia en Valle | E45: Potencia en Punta - Llano
B46: =IF(E44="Si",IF(B41="Mayor a 40 KW",F42,B41),"")
B48: Certificado de carga * | E48: Instalada en calefacción * | H48: La instalación incluye alguna carga perturbadora o sensible *
B53: Observaciones
B65: * Ejemplo: Coordenadas del servicio.
B67: Al finalizar guardar el archivo y adjuntar en el formulario del portal.
B72: * Campo Obligatorio

Sheet Colectiva
B6: DATOS DEL SUMINISTRO
B8: Departamento * | E8: Localidad * | H8: Padrón / Nro. Medidor vecino
B10: Calle * | E10: Nro. de puerta * | H10: Duplicador
H12: =IF(G12=1,"Presentar document tal","")
B13: Aviso de Acceso / Esquina * | J13: ¿Desea recibir notificaciones en esta dirección?
B16: DATOS DEL CLIENTE
B18: Documento * | E18: Nro * | H18: =IF(B19="Otros","Indicar tipo de documento","")
K19: =IF(B19="Otros","CI extranjera, pasaporte, BPS, etc.","")
B20: =IF(B19="RUT","Razón Social","Nombre y apellido") -> Nombre y apellido | E20: Teléfono de contacto * | H20: Email *
B24: Dirección de envío de notificaciones
B26: Calle | E26: Nro. de puerta | H26: Duplicador | K26: Apartamento
B28: Departamento | E28: Localidad
B31: DATOS TÉCNICOS DE LA SOLICITUD
B33: Tipo de Solicitud Colectiva * | E33: Pasa Línea * | H33: Acometida * | K33: Tensión suministro *
B35: Trámite asociado | E35: Requerimiento | F35: * | H35: Actividad * | K35: Tipo puesta de medida *
B40: Agregar centralización * | K40: Agrega Servicio descentralizado *
B42: Si necesita más servicios de los que puede ingresar en el siguiente cuadro (70), entrar aquí.
B44: Nro | C44: Nro. de apartamento | D44: Fases | E44: Tarifa | F44: Tensión | G44: Destino del suministro | H44: Potencia | K44: Nro | L44: Nro. de apartamento | M44: Fases | N44: Tarifa | O44: Tensión | P44: Destino del suministro | Q44: Potencia
H45: Potencia (Máx) | I45: Potencia Punta - Llano | Q45: Potencia (Máx) | R45: Potencia Punta - Llano
B121: Observaciones
B133: * Ejemplo: Coordenadas del servicio.
B135: Al finalizar guardar el archivo y adjuntar en el formulario del portal.
B139: * Campo Obligatorio

Sheet Colectiva (2)
B6: DATOS TÉCNICOS DE LA SOLICITUD
B9: Agregar centralización * | K9: Agrega Servicio descentralizado *
B11: Nro | C11: Nro. de apartamento | D11: Fases | E11: Tarifa | F11: Tensión | G11: Destino del suministro | H11: Potencia | K11: Nro | L11: Nro. de apartamento | M11: Fases | N11: Tarifa | O11: Tensión | P11: Destino del suministro | Q11: Potencia
H12: Potencia (Máx) | I12: Potencia Punta - Llano | Q12: Potencia (Máx) | R12: Potencia Punta - Llano
B101: Si se necesitan mas suministros insertar fila.
B105: Observaciones
B117: * Ejemplo: Coordenadas del servicio.
B119: Al finalizar guardar el archivo y adjuntar en el formulario del portal.
B123: * Campo Obligatorio

Sheet Reconexion
B5: DATOS DEL SUMINISTRO
B7: Departamento * | E7: Localidad * | H7: Padrón / Nro. Medidor vecino | K7: Cuenta *
B9: Calle * | E9: Nro. de puerta * | H9: Duplicador | K9: Apartamento
B12: Aviso de Acceso / Esquina *
B15: DATOS DEL CLIENTE
B17: La persona ya es titular del suministro actualmente:
B19: Documento | E19: Nro | H19: =IF(B20="Otros","Indicar tipo de documento","")
K20: =IF(B20="Otros","CI extranjera, pasaporte, BPS, etc.","")
B21: =IF(B20="RUT","Razón Social","Nombre y apellido") -> Nombre y apellido | E21: Telefono de contacto | H21: Email
B26: Observaciones
B38: * Ejemplo: Coordenadas del servicio.
B40: Al finalizar guardar el archivo y adjuntar en el formulario del portal.
B45: * Campo Obligatorio

Sheet check
I2: VALIDACIONES PARA FORMATO CLIENTE
M3: Para obligatorios *
B4: Tipo de Solicitud | J4: RUT LARGO | K4: CI 7 LARGO | L4: CI 8 LARGO | M4: OTROS | N4: Caracteres indicados
B5: Colectiva | D5: Documento (ambas) | F5: Tramites: Solicitud individual | I5: Colectiva | J5: =IF(AND(Colectiva!B19="RUT",N5=12),TRUE) -> FALSE | K5: =IF(AND(Colectiva!B19="CI",N5=7),TRUE) -> FALSE | L5: =IF(AND(Colectiva!B19="CI",N5=8),TRUE) -> FALSE | M5: =IF(Colectiva!B19="Otros","*","") | N5: =LEN(Colectiva!E19) -> 0
B6: Solicitud de Servicio Colectivo | D6: CI | F6: Nuevo Servicio | I6: Individual | J6: =IF(AND(Individual!B18="RUT",N6=12),TRUE) -> FALSE | K6: =IF(AND(Individual!B18="CI",N6=7),TRUE) -> FALSE | L6: =IF(AND(Individual!B18="CI",N6=8),TRUE) -> TRUE | M6: =IF(Individual!B18="Otros","*","") | N6: =LEN(Individual!E18) -> 8
B7: Solicitud de Consulta Colectiva | D7: RUT | F7: Aumento | I7: Reco | J7: =IF(AND(Reconexion!B20="RUT",N7=12),TRUE) -> FALSE | K7: =IF(AND(Reconexion!B20="CI",N7=7),TRUE) -> FALSE | L7: =IF(AND(Reconexion!B20="CI",N7=8),TRUE) -> FALSE | M7: =IF(Reconexion!B20="Otros","*","") | N7: =LEN(Reconexion!E20) -> 0
B8: Fraccionamiento | D8: Otros | F8: Reducción
F9: Rehabilitación
B10: Individual | F10: Solicitud Instalación de Enlace
B11: Definitiva | D11: Tarifa (ambas) | F11: Provisorio General *
B12: Estimativa | D12: Residencial Simple | F12: Provisorio Obra
D13: Residencial Doble
D14: Residencial Triple
B15: Pasa Línea (ambras) | D15: General Simple
B16: Si | D16: General Hora Estacional
B17: No | D17: Zafra Estival | F17: Destino suministro (ambas)
B18: No Declara | D18: Medianos Consumidores | F18: Residencial
D19: Grandes Consumidores | F19: General
B21: Acometida (ambas)
B22: Aérea | D22: Niveles de tensión (ambas) | F22: Potencia Monofasico | G22: Potencia excepcional | H22: Potencia trifasico | I22: Mono + excep
B23: Subterránea | D23: 230 V | F23: 3.5 | G23: 1.5 | H23: 6 | I23: 3.5
D24: 400 V | F24: 4 | G24: 2 | H24: 8 | I24: 4
D25: 6,4 KV | F25: 4.5 | G25: 2.5 | H25: 10 | I25: 4.5
B26: Requerimiento (ambas) | D26: 15 KV | F26: 5 | G26: 3 | H26: 12 | I26: 5
B27: Informe Técnico | D27: 22 KV | F27: 5.5 | G27: 14.5 | H27: 15 | I27: 5.5
B28: Presupuesto | D28: 31,5 KV | F28: 6 | G28: 25 | H28: 20 | I28: 6
B29: Informe Técnico y Presupuesto | D29: 63 KV | F29: 6.5 | H29: 25 | I29: 6.5
F30: 7 | H30: 30 | I30: 7
D31: Fases (ambas) | F31: 7.5 | H31: 35 | I31: 7.5
B32: Tipo de Medida (ambas) | D32: Monofásica | F32: 8 | H32: 40 | I32: 8
B33: Centralizado | D33: Trifásica | F33: 8.5 | H33: Mayor a 40 KW | I33: 8.5
B34: Descentralizado | F34: 9 | I34: 9
F35: 9.5 | I35: 9.5
F36: 10 | I36: 10
B37: Departamento | F37: 10.5 | I37: 10.5
B38: Artigas | F38: 11 | I38: 11
B39: Canelones | F39: 11.5 | I39: 11.5
B40: Cerro Largo | F40: Potencia excepcional | I40: 1.5
B41: Colonia | I41: 2
B42: Durazno | E42: Letra chica | I42: 2.5
B43: Flores | E43: 1.5 | F43: Sólo para refugios peatonales, cabinas telefónicas, WLL, WiFi, cámaras de vigilancia y similares. | I43: 3
B44: Florida | E44: 2 | F44: Sólo para servicios generales en edificios de hasta tres plantas, pequeños kioscos, garitas. | I44: 14.5
B45: Lavalleja | E45: 2.5 | F45: Sólo para servicios generales en edificios de hasta tres plantas, pequeños kioscos, garitas. | I45: 25
B46: Maldonado | E46: 3 | F46: Sólo para servicios generales en edificios de hasta tres plantas, pequeños kioscos, garitas.
B47: Montevideo | E47: 14.5 | F47: Sólo para suministros rurales MRT
B48: Paysandú | E48: 25 | F48: Sólo para suministros rurales MRT
B49: Río Negro
B50: Rivera
B51: Rocha
B52: Salto
B53: San José
B54: Soriano
B55: Tacuarembó
B56: Treinta y Tres
B58: Check asterisco notificacion
B59: Individual
B60: =IF(Individual!$L$12="Si","","*") | E60: VALIDACION COLECTIVA | G60: Para formato | H60: Para doble contratacion | I60: Ultima columna | N60: VALIDACION COLECTIVA | P60: Para formato | Q60: Para doble contratacion | R60: Ultima columna
B61: Colectiva | E61: =Colectiva!H46 -> 0 | F61: =IF(AND(Colectiva!D46="Trifásica",E61>40),TRUE,IF(Colectiva!D46="Trifásica",IF(IFERROR(MATCH(E61,check!$H$23:$H$32,0),FALSE),TRUE),IF(IFERROR(MATCH(E61,check!$I$23:$I$45,0),FALSE),TRUE))) -> FALSE | G61: =AND(ISNUMBER(E61),INT(E61)>39) -> FALSE | H61: =IF(AND(OR(Colectiva!E46=check!$D$14,Colectiva!E46=check!$D$16,Colectiva!E46=check!$D$17,Colectiva!E46=check!$D$18,Colectiva!E46=check!$D$19),OR(AND(ISNUMBER(Colectiva!H46),Colectiva!H46>=12))),TRUE) -> FALSE | I61: =Colectiva!I46 -> 0 | J61: =IF(AND(Colectiva!D46="Trifásica",I61>40),TRUE,IF(Colectiva!D46="Trifásica",IF(IFERROR(MATCH(I61,check!$H$23:$H$32,0),FALSE),TRUE),IF(IFERROR(MATCH(I61,check!$I$23:$I$45,0),FALSE),TRUE))) -> FALSE | K61: =ROUND(I61,0)<ROUND(E61,0) -> FALSE | L61: =AND(J61,K61) -> FALSE | N61: =Colectiva!Q46 -> 0 | O61: =IF(AND(Colectiva!M46="Trifásica",N61>40),TRUE,IF(Colectiva!M46="Trifásica",IF(IFERROR(MATCH(N61,check!$H$23:$H$32,0),FALSE),TRUE),IF(IFERROR(MATCH(N61,check!$I$23:$I$45,0),FALSE),TRUE))) -> FALSE | P61: =AND(ISNUMBER(N61),INT(N61)>39) -> FALSE | Q61: =IF(AND(OR(Colectiva!N46=check!$D$14,Colectiva!N46=check!$D$16,Colectiva!N46=check!$D$17,Colectiva!N46=check!$D$18,Colectiva!N46=check!$D$19),OR(AND(ISNUMBER(Colectiva!Q46),Colectiva!Q46>=12))),TRUE) -> FALSE | R61: =Colectiva!R46 -> 0 | S61: =IF(AND(Colectiva!M46="Trifásica",R61>40),TRUE,IF(Colectiva!M46="Trifásica",IF(IFERROR(MATCH(R61,check!$H$23:$H$32,0),FALSE),TRUE),IF(IFERROR(MATCH(R61,check!$I$23:$I$45,0),FALSE),TRUE))) -> FALSE | T61: =ROUND(R61,0)<ROUND(N61,0) -> FALSE | U61: =AND(S61,T61) -> FALSE
B62: =IF(Colectiva!L13="Si","","*") -> * | E62: =Colectiva!H47 -> 0 | F62: =IF(AND(Colectiva!D47="Trifásica",E62>40),TRUE,IF(Colectiva!D47="Trifásica",IF(IFERROR(MATCH(E62,check!$H$23:$H$32,0),FALSE),TRUE),IF(IFERROR(MATCH(E62,check!$I$23:$I$45,0),FALSE),TRUE))) -> FALSE | G62: =AND(ISNUMBER(E62),INT(E62)>39) -> FALSE | H62: =IF(AND(OR(Colectiva!E47=check!$D$14,Colectiva!E47=check!$D$16,Colectiva!E47=check!$D$17,Colectiva!E47=check!$D$18,Colectiva!E47=check!$D$19),OR(AND(ISNUMBER(Colectiva!H47),Colectiva!H47>=12))),TRUE) -> FALSE | I62: =Colectiva!I47 -> 0 | J62: =IF(AND(Colectiva!D47="Trifásica",I62>40),TRUE,IF(Colectiva!D47="Trifásica",IF(IFERROR(MATCH(I62,check!$H$23:$H$32,0),FALSE),TRUE),IF(IFERROR(MATCH(I62,check!$I$23:$I$45,0),FALSE),TRUE))) -> FALSE | K62: =ROUND(I62,0)<ROUND(E62,0) -> FALSE | L62: =AND(J62,K62) -> FALSE | N62: =Colectiva!Q47 -> 0 | O62: =IF(AND(Colectiva!M47="Trifásica",N62>40),TRUE,IF(Colectiva!M47="Trifásica",IF(IFERROR(MATCH(N62,check!$H$23:$H$32,0),FALSE),TRUE),IF(IFERROR(MATCH(N62,check!$I$23:$I$45,0),FALSE),TRUE))) -> FALSE | P62: =AND(ISNUMBER(N62),INT(N62)>39) -> FALSE | Q62: =IF(AND(OR(Colectiva!N47=check!$D$14,Colectiva!N47=check!$D$16,Colectiva!N47=check!$D$17,Colectiva!N47=check!$D$18,Colectiva!N47=check!$D$19),OR(AND(ISNUMBER(Colectiva!Q47),Colectiva!Q47>=12))),TRUE) -> FALSE | R62: =Colectiva!R47 -> 0 | S62: =IF(AND(Colectiva!M47="Trifásica",R62>40),TRUE,IF(Colectiva!M47="Trifásica",IF(IFERROR(MATCH(R62,check!$H$23:$H$32,0),FALSE),TRUE),IF(IFERROR(MATCH(R62,check!$I$23:$I$45,0),FALSE),TRUE))) -> FALSE | T62: =ROUND(R62,0)<ROUND(N62,0) -> FALSE | U62: =AND(S62,T62) -> FALSE
B63: Individual (potencia excepc) | E63: =Colectiva!H48 -> 0 | F63: =IF(AND(Colectiva!D48="Trifásica",E63>40),TRUE,IF(Colectiva!D48="Trifásica",IF(IFERROR(MATCH(E63,check!$H$23:$H$32,0),FALSE),TRUE),IF(IFERROR(MATCH(E63,check!$I$23:$I$45,0),FALSE),TRUE))) -> FALSE | G63: =AND(ISNUMBER(E63),INT(E63)>39) -> FALSE | H63: =IF(AND(OR(Colectiva!E48=check!$D$14,Colectiva!E48=check!$D$16,Colectiva!E48=check!$D$17,Colectiva!E48=check!$D$18,Colectiva!E48=check!$D$19),OR(AND(ISNUMBER(Colectiva!H48),Colectiva!H48>=12))),TRUE) -> FALSE | I63: =Colectiva!I48 -> 0 | J63: =IF(AND(Colectiva!D48="Trifásica",I63>40),TRUE,IF(Colectiva!D48="Trifásica",IF(IFERROR(MATCH(I63,check!$H$23:$H$32,0),FALSE),TRUE),IF(IFERROR(MATCH(I63,check!$I$23:$I$45,0),FALSE),TRUE))) -> FALSE | K63: =ROUND(I63,0)<ROUND(E63,0) -> FALSE | L63: =AND(J63,K63) -> FALSE | N63: =Colectiva!Q48 -> 0 | O63: =IF(AND(Colectiva!M48="Trifásica",N63>40),TRUE,IF(Colectiva!M48="Trifásica",IF(IFERROR(MATCH(N63,check!$H$23:$H$32,0),FALSE),TRUE),IF(IFERROR(MATCH(N63,check!$I$23:$I$45,0),FALSE),TRUE))) -> FALSE | P63: =AND(ISNUMBER(N63),INT(N63)>39) -> FALSE | Q63: =IF(AND(OR(Colectiva!N48=check!$D$14,Colectiva!N48=check!$D$16,Colectiva!N48=check!$D$17,Colectiva!N48=check!$D$18,Colectiva!N48=check!$D$19),OR(AND(ISNUMBER(Colectiva!Q48),Colectiva!Q48>=12))),TRUE) -> FALSE | R63: =Colectiva!R48 -> 0 | S63: =IF(AND(Colectiva!M48="Trifásica",R63>40),TRUE,IF(Colectiva!M48="Trifásica",IF(IFERROR(MATCH(R63,check!$H$23:$H$32,0),FALSE),TRUE),IF(IFERROR(MATCH(R63,check!$I$23:$I$45,0),FALSE),TRUE))) -> FALSE | T63: =ROUND(R63,0)<ROUND(N63,0) -> FALSE | U63: =AND(S63,T63) -> FALSE
B64: =IF(Individual!E41="Seleccionar","*","") | E64: =Colectiva!H49 -> 0 | F64: =IF(AND(Colectiva!D49="Trifásica",E64>40),TRUE,IF(Colectiva!D49="Trifásica",IF(IFERROR(MATCH(E64,check!$H$23:$H$32,0),FALSE),TRUE),IF(IFERROR(MATCH(E64,check!$I$23:$I$45,0),FALSE),TRUE))) -> FALSE | G64: =AND(ISNUMBER(E64),INT(E64)>39) -> FALSE | H64: =IF(AND(OR(Colectiva!E49=check!$D$14,Colectiva!E49=check!$D$16,Colectiva!E49=check!$D$17,Colectiva!E49=check!$D$18,Colectiva!E49=check!$D$19),OR(AND(ISNUMBER(Colectiva!H49),Colectiva!H49>=12))),TRUE) -> FALSE | I64: =Colectiva!I49 -> 0 | J64: =IF(AND(Colectiva!D49="Trifásica",I64>40),TRUE,IF(Colectiva!D49="Trifásica",IF(IFERROR(MATCH(I64,check!$H$23:$H$32,0),FALSE),TRUE),IF(IFERROR(MATCH(I64,check!$I$23:$I$45,0),FALSE),TRUE))) -> FALSE | K64: =ROUND(I64,0)<ROUND(E64,0) -> FALSE | L64: =AND(J64,K64) -> FALSE | N64: =Colectiva!Q49 -> 0 | O64: =IF(AND(Colectiva!M49="Trifásica",N64>40),TRUE,IF(Colectiva!M49="Trifásica",IF(IFERROR(MATCH(N64,check!$H$23:$H$32,0),FALSE),TRUE),IF(IFERROR(MATCH(N64,check!$I$23:$I$45,0),FALSE),TRUE))) -> FALSE | P64: =AND(ISNUMBER(N64),INT(N64)>39) -> FALSE | Q64: =IF(AND(OR(Colectiva!N49=check!$D$14,Colectiva!N49=check!$D$16,Colectiva!N49=check!$D$17,Colectiva!N49=check!$D$18,Colectiva!N49=check!$D$19),OR(AND(ISNUMBER(Colectiva!Q49),Colectiva!Q49>=12))),TRUE) -> FALSE | R64: =Colectiva!R49 -> 0 | S64: =IF(AND(Colectiva!M49="Trifásica",R64>40),TRUE,IF(Colectiva!M49="Trifásica",IF(IFERROR(MATCH(R64,check!$H$23:$H$32,0),FALSE),TRUE),IF(IFERROR(MATCH(R64,check!$I$23:$I$45,0),FALSE),TRUE))) -> FALSE | T64: =ROUND(R64,0)<ROUND(N64,0) -> FALSE | U64: =AND(S64,T64) -> FALSE
B65: =IF(Individual!E42="Ingresar","*","") | E65: =Colectiva!H50 -> 0 | F65: =IF(AND(Colectiva!D50="Trifásica",E65>40),TRUE,IF(Colectiva!D50="Trifásica",IF(IFERROR(MATCH(E65,check!$H$23:$H$32,0),FALSE),TRUE),IF(IFERROR(MATCH(E65,check!$I$23:$I$45,0),FALSE),TRUE))) -> FALSE | G65: =AND(ISNUMBER(E65),INT(E65)>39) -> FALSE | H65: =IF(AND(OR(Colectiva!E50=check!$D$14,Colectiva!E50=check!$D$16,Colectiva!E50=check!$D$17,Colectiva!E50=check!$D$18,Colectiva!E50=check!$D$19),OR(AND(ISNUMBER(Colectiva!H50),Colectiva!H50>=12))),TRUE) -> FALSE | I65: =Colectiva!I50 -> 0 | J65: =IF(AND(Colectiva!D50="Trifásica",I65>40),TRUE,IF(Colectiva!D50="Trifásica",IF(IFERROR(MATCH(I65,check!$H$23:$H$32,0),FALSE),TRUE),IF(IFERROR(MATCH(I65,check!$I$23:$I$45,0),FALSE),TRUE))) -> FALSE | K65: =ROUND(I65,0)<ROUND(E65,0) -> FALSE | L65: =AND(J65,K65) -> FALSE | N65: =Colectiva!Q50 -> 0 | O65: =IF(AND(Colectiva!M50="Trifásica",N65>40),TRUE,IF(Colectiva!M50="Trifásica",IF(IFERROR(MATCH(N65,check!$H$23:$H$32,0),FALSE),TRUE),IF(IFERROR(MATCH(N65,check!$I$23:$I$45,0),FALSE),TRUE))) -> FALSE | P65: =AND(ISNUMBER(N65),INT(N65)>39) -> FALSE | Q65: =IF(AND(OR(Colectiva!N50=check!$D$14,Colectiva!N50=check!$D$16,Colectiva!N50=check!$D$17,Colectiva!N50=check!$D$18,Colectiva!N50=check!$D$19),OR(AND(ISNUMBER(Colectiva!Q50),Colectiva!Q50>=12))),TRUE) -> FALSE | R65: =Colectiva!R50 -> 0 | S65: =IF(AND(Colectiva!M50="Trifásica",R65>40),TRUE,IF(Colectiva!M50="Trifásica",IF(IFERROR(MATCH(R65,check!$H$23:$H$32,0),FALSE),TRUE),IF(IFERROR(MATCH(R65,check!$I$23:$I$45,0),FALSE),TRUE))) -> FALSE | T65: =ROUND(R65,0)<ROUND(N65,0) -> FALSE | U65: =AND(S65,T65) -> FALSE
B66: Individual Doble potencia | E66: =Colectiva!H51 -> 0 | F66: =IF(AND(Colectiva!D51="Trifásica",E66>40),TRUE,IF(Colectiva!D51="Trifásica",IF(IFERROR(MATCH(E66,check!$H$23:$H$32,0),FALSE),TRUE),IF(IFERROR(MATCH(E66,check!$I$23:$I$45,0),FALSE),TRUE))) -> FALSE | G66: =AND(ISNUMBER(E66),INT(E66)>39) -> FALSE | H66: =IF(AND(OR(Colectiva!E51=check!$D$14,Colectiva!E51=check!$D$16,Colectiva!E51=check!$D$17,Colectiva!E51=check!$D$18,Colectiva!E51=check!$D$19),OR(AND(ISNUMBER(Colectiva!H51),Colectiva!H51>=12))),TRUE) -> FALSE | I66: =Colectiva!I51 -> 0 | J66: =IF(AND(Colectiva!D51="Trifásica",I66>40),TRUE,IF(Colectiva!D51="Trifásica",IF(IFERROR(MATCH(I66,check!$H$23:$H$32,0),FALSE),TRUE),IF(IFERROR(MATCH(I66,check!$I$23:$I$45,0),FALSE),TRUE))) -> FALSE | K66: =ROUND(I66,0)<ROUND(E66,0) -> FALSE | L66: =AND(J66,K66) -> FALSE | N66: =Colectiva!Q51 -> 0 | O66: =IF(AND(Colectiva!M51="Trifásica",N66>40),TRUE,IF(Colectiva!M51="Trifásica",IF(IFERROR(MATCH(N66,check!$H$23:$H$32,0),FALSE),TRUE),IF(IFERROR(MATCH(N66,check!$I$23:$I$45,0),FALSE),TRUE))) -> FALSE | P66: =AND(ISNUMBER(N66),INT(N66)>39) -> FALSE | Q66: =IF(AND(OR(Colectiva!N51=check!$D$14,Colectiva!N51=check!$D$16,Colectiva!N51=check!$D$17,Colectiva!N51=check!$D$18,Colectiva!N51=check!$D$19),OR(AND(ISNUMBER(Colectiva!Q51),Colectiva!Q51>=12))),TRUE) -> FALSE | R66: =Colectiva!R51 -> 0 | S66: =IF(AND(Colectiva!M51="Trifásica",R66>40),TRUE,IF(Colectiva!M51="Trifásica",IF(IFERROR(MATCH(R66,check!$H$23:$H$32,0),FALSE),TRUE),IF(IFERROR(MATCH(R66,check!$I$23:$I$45,0),FALSE),TRUE))) -> FALSE | T66: =ROUND(R66,0)<ROUND(N66,0) -> FALSE | U66: =AND(S66,T66) -> FALSE
B67: =Individual!E44 -> 0 | E67: =Colectiva!H52 -> 0 | F67: =IF(AND(Colectiva!D52="Trifásica",E67>40),TRUE,IF(Colectiva!D52="Trifásica",IF(IFERROR(MATCH(E67,check!$H$23:$H$32,0),FALSE),TRUE),IF(IFERROR(MATCH(E67,check!$I$23:$I$45,0),FALSE),TRUE))) -> FALSE | G67: =AND(ISNUMBER(E67),INT(E67)>39) -> FALSE | H67: =IF(AND(OR(Colectiva!E52=check!$D$14,Colectiva!E52=check!$D$16,Colectiva!E52=check!$D$17,Colectiva!E52=check!$D$18,Colectiva!E52=check!$D$19),OR(AND(ISNUMBER(Colectiva!H52),Colectiva!H52>=12))),TRUE) -> FALSE | I67: =Colectiva!I52 -> 0 | J67: =IF(AND(Colectiva!D52="Trifásica",I67>40),TRUE,IF(Colectiva!D52="Trifásica",IF(IFERROR(MATCH(I67,check!$H$23:$H$32,0),FALSE),TRUE),IF(IFERROR(MATCH(I67,check!$I$23:$I$45,0),FALSE),TRUE))) -> FALSE | K67: =ROUND(I67,0)<ROUND(E67,0) -> FALSE | L67: =AND(J67,K67) -> FALSE | N67: =Colectiva!Q52 -> 0 | O67: =IF(AND(Colectiva!M52="Trifásica",N67>40),TRUE,IF(Colectiva!M52="Trifásica",IF(IFERROR(MATCH(N67,check!$H$23:$H$32,0),FALSE),TRUE),IF(IFERROR(MATCH(N67,check!$I$23:$I$45,0),FALSE),TRUE))) -> FALSE | P67: =AND(ISNUMBER(N67),INT(N67)>39) -> FALSE | Q67: =IF(AND(OR(Colectiva!N52=check!$D$14,Colectiva!N52=check!$D$16,Colectiva!N52=check!$D$17,Colectiva!N52=check!$D$18,Colectiva!N52=check!$D$19),OR(AND(ISNUMBER(Colectiva!Q52),Colectiva!Q52>=12))),TRUE) -> FALSE | R67: =Colectiva!R52 -> 0 | S67: =IF(AND(Colectiva!M52="Trifásica",R67>40),TRUE,IF(Colectiva!M52="Trifásica",IF(IFERROR(MATCH(R67,check!$H$23:$H$32,0),FALSE),TRUE),IF(IFERROR(MATCH(R67,check!$I$23:$I$45,0),FALSE),TRUE))) -> FALSE | T67: =ROUND(R67,0)<ROUND(N67,0) -> FALSE | U67: =AND(S67,T67) -> FALSE
B68: =IF(AND(OR(Individual!E39=check!D14,Individual!E39=check!D16,Individual!E39=check!D17,Individual!E39=check!D18,Individual!E39=check!D19),OR(AND(ISNUMBER(Individual!B41),Individual!B41>=12),Individual!F41>=12,Individual!B41="Mayor a 40 KW")),TRUE) -> FALSE | E68: =Colectiva!H53 -> 0 | F68: =IF(AND(Colectiva!D53="Trifásica",E68>40),TRUE,IF(Colectiva!D53="Trifásica",IF(IFERROR(MATCH(E68,check!$H$23:$H$32,0),FALSE),TRUE),IF(IFERROR(MATCH(E68,check!$I$23:$I$45,0),FALSE),TRUE))) -> FALSE | G68: =AND(ISNUMBER(E68),INT(E68)>39) -> FALSE | H68: =IF(AND(OR(Colectiva!E53=check!$D$14,Colectiva!E53=check!$D$16,Colectiva!E53=check!$D$17,Colectiva!E53=check!$D$18,Colectiva!E53=check!$D$19),OR(AND(ISNUMBER(Colectiva!H53),Colectiva!H53>=12))),TRUE) -> FALSE | I68: =Colectiva!I53 -> 0 | J68: =IF(AND(Colectiva!D53="Trifásica",I68>40),TRUE,IF(Colectiva!D53="Trifásica",IF(IFERROR(MATCH(I68,check!$H$23:$H$32,0),FALSE),TRUE),IF(IFERROR(MATCH(I68,check!$I$23:$I$45,0),FALSE),TRUE))) -> FALSE | K68: =ROUND(I68,0)<ROUND(E68,0) -> FALSE | L68: =AND(J68,K68) -> FALSE | N68: =Colectiva!Q53 -> 0 | O68: =IF(AND(Colectiva!M53="Trifásica",N68>40),TRUE,IF(Colectiva!M53="Trifásica",IF(IFERROR(MATCH(N68,check!$H$23:$H$32,0),FALSE),TRUE),IF(IFERROR(MATCH(N68,check!$I$23:$I$45,0),FALSE),TRUE))) -> FALSE | P68: =AND(ISNUMBER(N68),INT(N68)>39) -> FALSE | Q68: =IF(AND(OR(Colectiva!N53=check!$D$14,Colectiva!N53=check!$D$16,Colectiva!N53=check!$D$17,Colectiva!N53=check!$D$18,Colectiva!N53=check!$D$19),OR(AND(ISNUMBER(Colectiva!Q53),Colectiva!Q53>=12))),TRUE) -> FALSE | R68: =Colectiva!R53 -> 0 | S68: =IF(AND(Colectiva!M53="Trifásica",R68>40),TRUE,IF(Colectiva!M53="Trifásica",IF(IFERROR(MATCH(R68,check!$H$23:$H$32,0),FALSE),TRUE),IF(IFERROR(MATCH(R68,check!$I$23:$I$45,0),FALSE),TRUE))) -> FALSE | T68: =ROUND(R68,0)<ROUND(N68,0) -> FALSE | U68: =AND(S68,T68) -> FALSE
B69: =IF(B67<>"Si",FALSE,IF(AND(OR(Individual!E39=check!D14,Individual!E39=check!D16,Individual!E39=check!D17,Individual!E39=check!D18,Individual!E39=check!D19),OR(AND(ISNUMBER(Individual!B41),Individual!B41>=12),Individual!F41>=12,Individual!B41="Mayor a 40 KW")),TRUE)) -> FALSE | E69: =Colectiva!H54 -> 0 | F69: =IF(AND(Colectiva!D54="Trifásica",E69>40),TRUE,IF(Colectiva!D54="Trifásica",IF(IFERROR(MATCH(E69,check!$H$23:$H$32,0),FALSE),TRUE),IF(IFERROR(MATCH(E69,check!$I$23:$I$45,0),FALSE),TRUE))) -> FALSE | G69: =AND(ISNUMBER(E69),INT(E69)>39) -> FALSE | H69: =IF(AND(OR(Colectiva!E54=check!$D$14,Colectiva!E54=check!$D$16,Colectiva!E54=check!$D$17,Colectiva!E54=check!$D$18,Colectiva!E54=check!$D$19),OR(AND(ISNUMBER(Colectiva!H54),Colectiva!H54>=12))),TRUE) -> FALSE | I69: =Colectiva!I54 -> 0 | J69: =IF(AND(Colectiva!D54="Trifásica",I69>40),TRUE,IF(Colectiva!D54="Trifásica",IF(IFERROR(MATCH(I69,check!$H$23:$H$32,0),FALSE),TRUE),IF(IFERROR(MATCH(I69,check!$I$23:$I$45,0),FALSE),TRUE))) -> FALSE | K69: =ROUND(I69,0)<ROUND(E69,0) -> FALSE | L69: =AND(J69,K69) -> FALSE | N69: =Colectiva!Q54 -> 0 | O69: =IF(AND(Colectiva!M54="Trifásica",N69>40),TRUE,IF(Colectiva!M54="Trifásica",IF(IFERROR(MATCH(N69,check!$H$23:$H$32,0),FALSE),TRUE),IF(IFERROR(MATCH(N69,check!$I$23:$I$45,0),FALSE),TRUE))) -> FALSE | P69: =AND(ISNUMBER(N69),INT(N69)>39) -> FALSE | Q69: =IF(AND(OR(Colectiva!N54=check!$D$14,Colectiva!N54=check!$D$16,Colectiva!N54=check!$D$17,Colectiva!N54=check!$D$18,Colectiva!N54=check!$D$19),OR(AND(ISNUMBER(Colectiva!Q54),Colectiva!Q54>=12))),TRUE) -> FALSE | R69: =Colectiva!R54 -> 0 | S69: =IF(AND(Colectiva!M54="Trifásica",R69>40),TRUE,IF(Colectiva!M54="Trifásica",IF(IFERROR(MATCH(R69,check!$H$23:$H$32,0),FALSE),TRUE),IF(IFERROR(MATCH(R69,check!$I$23:$I$45,0),FALSE),TRUE))) -> FALSE | T69: =ROUND(R69,0)<ROUND(N69,0) -> FALSE | U69: =AND(S69,T69) -> FALSE
B70: =IF(B69=FALSE,"","*") | E70: =Colectiva!H55 -> 0 | F70: =IF(AND(Colectiva!D55="Trifásica",E70>40),TRUE,IF(Colectiva!D55="Trifásica",IF(IFERROR(MATCH(E70,check!$H$23:$H$32,0),FALSE),TRUE),IF(IFERROR(MATCH(E70,check!$I$23:$I$45,0),FALSE),TRUE))) -> FALSE | G70: =AND(ISNUMBER(E70),INT(E70)>39) -> FALSE | H70: =IF(AND(OR(Colectiva!E55=check!$D$14,Colectiva!E55=check!$D$16,Colectiva!E55=check!$D$17,Colectiva!E55=check!$D$18,Colectiva!E55=check!$D$19),OR(AND(ISNUMBER(Colectiva!H55),Colectiva!H55>=12))),TRUE) -> FALSE | I70: =Colectiva!I55 -> 0 | J70: =IF(AND(Colectiva!D55="Trifásica",I70>40),TRUE,IF(Colectiva!D55="Trifásica",IF(IFERROR(MATCH(I70,check!$H$23:$H$32,0),FALSE),TRUE),IF(IFERROR(MATCH(I70,check!$I$23:$I$45,0),FALSE),TRUE))) -> FALSE | K70: =ROUND(I70,0)<ROUND(E70,0) -> FALSE | L70: =AND(J70,K70) -> FALSE | N70: =Colectiva!Q55 -> 0 | O70: =IF(AND(Colectiva!M55="Trifásica",N70>40),TRUE,IF(Colectiva!M55="Trifásica",IF(IFERROR(MATCH(N70,check!$H$23:$H$32,0),FALSE),TRUE),IF(IFERROR(MATCH(N70,check!$I$23:$I$45,0),FALSE),TRUE))) -> FALSE | P70: =AND(ISNUMBER(N70),INT(N70)>39) -> FALSE | Q70: =IF(AND(OR(Colectiva!N55=check!$D$14,Colectiva!N55=check!$D$16,Colectiva!N55=check!$D$17,Colectiva!N55=check!$D$18,Colectiva!N55=check!$D$19),OR(AND(ISNUMBER(Colectiva!Q55),Colectiva!Q55>=12))),TRUE) -> FALSE | R70: =Colectiva!R55 -> 0 | S70: =IF(AND(Colectiva!M55="Trifásica",R70>40),TRUE,IF(Colectiva!M55="Trifásica",IF(IFERROR(MATCH(R70,check!$H$23:$H$32,0),FALSE),TRUE),IF(IFERROR(MATCH(R70,check!$I$23:$I$45,0),FALSE),TRUE))) -> FALSE | T70: =ROUND(R70,0)<ROUND(N70,0) -> FALSE | U70: =AND(S70,T70) -> FALSE
B71: Colectiva Doble potencia | E71: =Colectiva!H56 -> 0 | F71: =IF(AND(Colectiva!D56="Trifásica",E71>40),TRUE,IF(Colectiva!D56="Trifásica",IF(IFERROR(MATCH(E71,check!$H$23:$H$32,0),FALSE),TRUE),IF(IFERROR(MATCH(E71,check!$I$23:$I$45,0),FALSE),TRUE))) -> FALSE | G71: =AND(ISNUMBER(E71),INT(E71)>39) -> FALSE | H71: =IF(AND(OR(Colectiva!E56=check!$D$14,Colectiva!E56=check!$D$16,Colectiva!E56=check!$D$17,Colectiva!E56=check!$D$18,Colectiva!E56=check!$D$19),OR(AND(ISNUMBER(Colectiva!H56),Colectiva!H56>=12))),TRUE) -> FALSE | I71: =Colectiva!I56 -> 0 | J71: =IF(AND(Colectiva!D56="Trifásica",I71>40),TRUE,IF(Colectiva!D56="Trifásica",IF(IFERROR(MATCH(I71,check!$H$23:$H$32,0),FALSE),TRUE),IF(IFERROR(MATCH(I71,check!$I$23:$I$45,0),FALSE),TRUE))) -> FALSE | K71: =ROUND(I71,0)<ROUND(E71,0) -> FALSE | L71: =AND(J71,K71) -> FALSE | N71: =Colectiva!Q56 -> 0 | O71: =IF(AND(Colectiva!M56="Trifásica",N71>40),TRUE,IF(Colectiva!M56="Trifásica",IF(IFERROR(MATCH(N71,check!$H$23:$H$32,0),FALSE),TRUE),IF(IFERROR(MATCH(N71,check!$I$23:$I$45,0),FALSE),TRUE))) -> FALSE | P71: =AND(ISNUMBER(N71),INT(N71)>39) -> FALSE | Q71: =IF(AND(OR(Colectiva!N56=check!$D$14,Colectiva!N56=check!$D$16,Colectiva!N56=check!$D$17,Colectiva!N56=check!$D$18,Colectiva!N56=check!$D$19),OR(AND(ISNUMBER(Colectiva!Q56),Colectiva!Q56>=12))),TRUE) -> FALSE | R71: =Colectiva!R56 -> 0 | S71: =IF(AND(Colectiva!M56="Trifásica",R71>40),TRUE,IF(Colectiva!M56="Trifásica",IF(IFERROR(MATCH(R71,check!$H$23:$H$32,0),FALSE),TRUE),IF(IFERROR(MATCH(R71,check!$I$23:$I$45,0),FALSE),TRUE))) -> FALSE | T71: =ROUND(R71,0)<ROUND(N71,0) -> FALSE | U71: =AND(S71,T71) -> FALSE
B72: =Individual!E49 -> No | E72: =Colectiva!H57 -> 0 | F72: =IF(AND(Colectiva!D57="Trifásica",E72>40),TRUE,IF(Colectiva!D57="Trifásica",IF(IFERROR(MATCH(E72,check!$H$23:$H$32,0),FALSE),TRUE),IF(IFERROR(MATCH(E72,check!$I$23:$I$45,0),FALSE),TRUE))) -> FALSE | G72: =AND(ISNUMBER(E72),INT(E72)>39) -> FALSE | H72: =IF(AND(OR(Colectiva!E57=check!$D$14,Colectiva!E57=check!$D$16,Colectiva!E57=check!$D$17,Colectiva!E57=check!$D$18,Colectiva!E57=check!$D$19),OR(AND(ISNUMBER(Colectiva!H57),Colectiva!H57>=12))),TRUE) -> FALSE | I72: =Colectiva!I57 -> 0 | J72: =IF(AND(Colectiva!D57="Trifásica",I72>40),TRUE,IF(Colectiva!D57="Trifásica",IF(IFERROR(MATCH(I72,check!$H$23:$H$32,0),FALSE),TRUE),IF(IFERROR(MATCH(I72,check!$I$23:$I$45,0),FALSE),TRUE))) -> FALSE | K72: =ROUND(I72,0)<ROUND(E72,0) -> FALSE | L72: =AND(J72,K72) -> FALSE | N72: =Colectiva!Q57 -> 0 | O72: =IF(AND(Colectiva!M57="Trifásica",N72>40),TRUE,IF(Colectiva!M57="Trifásica",IF(IFERROR(MATCH(N72,check!$H$23:$H$32,0),FALSE),TRUE),IF(IFERROR(MATCH(N72,check!$I$23:$I$45,0),FALSE),TRUE))) -> FALSE | P72: =AND(ISNUMBER(N72),INT(N72)>39) -> FALSE | Q72: =IF(AND(OR(Colectiva!N57=check!$D$14,Colectiva!N57=check!$D$16,Colectiva!N57=check!$D$17,Colectiva!N57=check!$D$18,Colectiva!N57=check!$D$19),OR(AND(ISNUMBER(Colectiva!Q57),Colectiva!Q57>=12))),TRUE) -> FALSE | R72: =Colectiva!R57 -> 0 | S72: =IF(AND(Colectiva!M57="Trifásica",R72>40),TRUE,IF(Colectiva!M57="Trifásica",IF(IFERROR(MATCH(R72,check!$H$23:$H$32,0),FALSE),TRUE),IF(IFERROR(MATCH(R72,check!$I$23:$I$45,0),FALSE),TRUE))) -> FALSE | T72: =ROUND(R72,0)<ROUND(N72,0) -> FALSE | U72: =AND(S72,T72) -> FALSE
B73: =IF(AND(OR(Individual!E44=check!D19,Individual!E44=check!D21,Individual!E44=check!D22,Individual!E44=check!D23,Individual!E44=check!D24),OR(AND(ISNUMBER(Individual!B46),Individual!B46>12),Individual!F46>12,Individual!B46="Mayor a 40 KW")),TRUE) -> FALSE | E73: =Colectiva!H58 -> 0 | F73: =IF(AND(Colectiva!D58="Trifásica",E73>40),TRUE,IF(Colectiva!D58="Trifásica",IF(IFERROR(MATCH(E73,check!$H$23:$H$32,0),FALSE),TRUE),IF(IFERROR(MATCH(E73,check!$I$23:$I$45,0),FALSE),TRUE))) -> FALSE | G73: =AND(ISNUMBER(E73),INT(E73)>39) -> FALSE | H73: =IF(AND(OR(Colectiva!E58=check!$D$14,Colectiva!E58=check!$D$16,Colectiva!E58=check!$D$17,Colectiva!E58=check!$D$18,Colectiva!E58=check!$D$19),OR(AND(ISNUMBER(Colectiva!H58),Colectiva!H58>=12))),TRUE) -> FALSE | I73: =Colectiva!I58 -> 0 | J73: =IF(AND(Colectiva!D58="Trifásica",I73>40),TRUE,IF(Colectiva!D58="Trifásica",IF(IFERROR(MATCH(I73,check!$H$23:$H$32,0),FALSE),TRUE),IF(IFERROR(MATCH(I73,check!$I$23:$I$45,0),FALSE),TRUE))) -> FALSE | K73: =ROUND(I73,0)<ROUND(E73,0) -> FALSE | L73: =AND(J73,K73) -> FALSE | N73: =Colectiva!Q58 -> 0 | O73: =IF(AND(Colectiva!M58="Trifásica",N73>40),TRUE,IF(Colectiva!M58="Trifásica",IF(IFERROR(MATCH(N73,check!$H$23:$H$32,0),FALSE),TRUE),IF(IFERROR(MATCH(N73,check!$I$23:$I$45,0),FALSE),TRUE))) -> FALSE | P73: =AND(ISNUMBER(N73),INT(N73)>39) -> FALSE | Q73: =IF(AND(OR(Colectiva!N58=check!$D$14,Colectiva!N58=check!$D$16,Colectiva!N58=check!$D$17,Colectiva!N58=check!$D$18,Colectiva!N58=check!$D$19),OR(AND(ISNUMBER(Colectiva!Q58),Colectiva!Q58>=12))),TRUE) -> FALSE | R73: =Colectiva!R58 -> 0 | S73: =IF(AND(Colectiva!M58="Trifásica",R73>40),TRUE,IF(Colectiva!M58="Trifásica",IF(IFERROR(MATCH(R73,check!$H$23:$H$32,0),FALSE),TRUE),IF(IFERROR(MATCH(R73,check!$I$23:$I$45,0),FALSE),TRUE))) -> FALSE | T73: =ROUND(R73,0)<ROUND(N73,0) -> FALSE | U73: =AND(S73,T73) -> FALSE
B74: =IF(B72<>"Si",FALSE,IF(AND(OR(Individual!E44=check!D19,Individual!E44=check!D21,Individual!E44=check!D22,Individual!E44=check!D23,Individual!E44=check!D24),OR(AND(ISNUMBER(Individual!B46),Individual!B46>12),Individual!F46>12,Individual!B46="Mayor a 40 KW")),TRUE)) -> FALSE | E74: =Colectiva!H59 -> 0 | F74: =IF(AND(Colectiva!D59="Trifásica",E74>40),TRUE,IF(Colectiva!D59="Trifásica",IF(IFERROR(MATCH(E74,check!$H$23:$H$32,0),FALSE),TRUE),IF(IFERROR(MATCH(E74,check!$I$23:$I$45,0),FALSE),TRUE))) -> FALSE | G74: =AND(ISNUMBER(E74),INT(E74)>39) -> FALSE | H74: =IF(AND(OR(Colectiva!E59=check!$D$14,Colectiva!E59=check!$D$16,Colectiva!E59=check!$D$17,Colectiva!E59=check!$D$18,Colectiva!E59=check!$D$19),OR(AND(ISNUMBER(Colectiva!H59),Colectiva!H59>=12))),TRUE) -> FALSE | I74: =Colectiva!I59 -> 0 | J74: =IF(AND(Colectiva!D59="Trifásica",I74>40),TRUE,IF(Colectiva!D59="Trifásica",IF(IFERROR(MATCH(I74,check!$H$23:$H$32,0),FALSE),TRUE),IF(IFERROR(MATCH(I74,check!$I$23:$I$45,0),FALSE),TRUE))) -> FALSE | K74: =ROUND(I74,0)<ROUND(E74,0) -> FALSE | L74: =AND(J74,K74) -> FALSE | N74: =Colectiva!Q59 -> 0 | O74: =IF(AND(Colectiva!M59="Trifásica",N74>40),TRUE,IF(Colectiva!M59="Trifásica",IF(IFERROR(MATCH(N74,check!$H$23:$H$32,0),FALSE),TRUE),IF(IFERROR(MATCH(N74,check!$I$23:$I$45,0),FALSE),TRUE))) -> FALSE | P74: =AND(ISNUMBER(N74),INT(N74)>39) -> FALSE | Q74: =IF(AND(OR(Colectiva!N59=check!$D$14,Colectiva!N59=check!$D$16,Colectiva!N59=check!$D$17,Colectiva!N59=check!$D$18,Colectiva!N59=check!$D$19),OR(AND(ISNUMBER(Colectiva!Q59),Colectiva!Q59>=12))),TRUE) -> FALSE | R74: =Colectiva!R59 -> 0 | S74: =IF(AND(Colectiva!M59="Trifásica",R74>40),TRUE,IF(Colectiva!M59="Trifásica",IF(IFERROR(MATCH(R74,check!$H$23:$H$32,0),FALSE),TRUE),IF(IFERROR(MATCH(R74,check!$I$23:$I$45,0),FALSE),TRUE))) -> FALSE | T74: =ROUND(R74,0)<ROUND(N74,0) -> FALSE | U74: =AND(S74,T74) -> FALSE
B75: =IF(B74=FALSE,"","*") | E75: =Colectiva!H60 -> 0 | F75: =IF(AND(Colectiva!D60="Trifásica",E75>40),TRUE,IF(Colectiva!D60="Trifásica",IF(IFERROR(MATCH(E75,check!$H$23:$H$32,0),FALSE),TRUE),IF(IFERROR(MATCH(E75,check!$I$23:$I$45,0),FALSE),TRUE))) -> FALSE | G75: =AND(ISNUMBER(E75),INT(E75)>39) -> FALSE | H75: =IF(AND(OR(Colectiva!E60=check!$D$14,Colectiva!E60=check!$D$16,Colectiva!E60=check!$D$17,Colectiva!E60=check!$D$18,Colectiva!E60=check!$D$19),OR(AND(ISNUMBER(Colectiva!H60),Colectiva!H60>=12))),TRUE) -> FALSE | I75: =Colectiva!I60 -> 0 | J75: =IF(AND(Colectiva!D60="Trifásica",I75>40),TRUE,IF(Colectiva!D60="Trifásica",IF(IFERROR(MATCH(I75,check!$H$23:$H$32,0),FALSE),TRUE),IF(IFERROR(MATCH(I75,check!$I$23:$I$45,0),FALSE),TRUE))) -> FALSE | K75: =ROUND(I75,0)<ROUND(E75,0) -> FALSE | L75: =AND(J75,K75) -> FALSE | N75: =Colectiva!Q60 -> 0 | O75: =IF(AND(Colectiva!M60="Trifásica",N75>40),TRUE,IF(Colectiva!M60="Trifásica",IF(IFERROR(MATCH(N75,check!$H$23:$H$32,0),FALSE),TRUE),IF(IFERROR(MATCH(N75,check!$I$23:$I$45,0),FALSE),TRUE))) -> FALSE | P75: =AND(ISNUMBER(N75),INT(N75)>39) -> FALSE | Q75: =IF(AND(OR(Colectiva!N60=check!$D$14,Colectiva!N60=check!$D$16,Colectiva!N60=check!$D$17,Colectiva!N60=check!$D$18,Colectiva!N60=check!$D$19),OR(AND(ISNUMBER(Colectiva!Q60),Colectiva!Q60>=12))),TRUE) -> FALSE | R75: =Colectiva!R60 -> 0 | S75: =IF(AND(Colectiva!M60="Trifásica",R75>40),TRUE,IF(Colectiva!M60="Trifásica",IF(IFERROR(MATCH(R75,check!$H$23:$H$32,0),FALSE),TRUE),IF(IFERROR(MATCH(R75,check!$I$23:$I$45,0),FALSE),TRUE))) -> FALSE | T75: =ROUND(R75,0)<ROUND(N75,0) -> FALSE | U75: =AND(S75,T75) -> FALSE
B76: Reco - titular * | E76: =Colectiva!H61 -> 0 | F76: =IF(AND(Colectiva!D61="Trifásica",E76>40),TRUE,IF(Colectiva!D61="Trifásica",IF(IFERROR(MATCH(E76,check!$H$23:$H$32,0),FALSE),TRUE),IF(IFERROR(MATCH(E76,check!$I$23:$I$45,0),FALSE),TRUE))) -> FALSE | G76: =AND(ISNUMBER(E76),INT(E76)>39) -> FALSE | H76: =IF(AND(OR(Colectiva!E61=check!$D$14,Colectiva!E61=check!$D$16,Colectiva!E61=check!$D$17,Colectiva!E61=check!$D$18,Colectiva!E61=check!$D$19),OR(AND(ISNUMBER(Colectiva!H61),Colectiva!H61>=12))),TRUE) -> FALSE | I76: =Colectiva!I61 -> 0 | J76: =IF(AND(Colectiva!D61="Trifásica",I76>40),TRUE,IF(Colectiva!D61="Trifásica",IF(IFERROR(MATCH(I76,check!$H$23:$H$32,0),FALSE),TRUE),IF(IFERROR(MATCH(I76,check!$I$23:$I$45,0),FALSE),TRUE))) -> FALSE | K76: =ROUND(I76,0)<ROUND(E76,0) -> FALSE | L76: =AND(J76,K76) -> FALSE | N76: =Colectiva!Q61 -> 0 | O76: =IF(AND(Colectiva!M61="Trifásica",N76>40),TRUE,IF(Colectiva!M61="Trifásica",IF(IFERROR(MATCH(N76,check!$H$23:$H$32,0),FALSE),TRUE),IF(IFERROR(MATCH(N76,check!$I$23:$I$45,0),FALSE),TRUE))) -> FALSE | P76: =AND(ISNUMBER(N76),INT(N76)>39) -> FALSE | Q76: =IF(AND(OR(Colectiva!N61=check!$D$14,Colectiva!N61=check!$D$16,Colectiva!N61=check!$D$17,Colectiva!N61=check!$D$18,Colectiva!N61=check!$D$19),OR(AND(ISNUMBER(Colectiva!Q61),Colectiva!Q61>=12))),TRUE) -> FALSE | R76: =Colectiva!R61 -> 0 | S76: =IF(AND(Colectiva!M61="Trifásica",R76>40),TRUE,IF(Colectiva!M61="Trifásica",IF(IFERROR(MATCH(R76,check!$H$23:$H$32,0),FALSE),TRUE),IF(IFERROR(MATCH(R76,check!$I$23:$I$45,0),FALSE),TRUE))) -> FALSE | T76: =ROUND(R76,0)<ROUND(N76,0) -> FALSE | U76: =AND(S76,T76) -> FALSE
B77: =IF(Reconexion!B18="No","*","") | E77: =Colectiva!H62 -> 0 | F77: =IF(AND(Colectiva!D62="Trifásica",E77>40),TRUE,IF(Colectiva!D62="Trifásica",IF(IFERROR(MATCH(E77,check!$H$23:$H$32,0),FALSE),TRUE),IF(IFERROR(MATCH(E77,check!$I$23:$I$45,0),FALSE),TRUE))) -> FALSE | G77: =AND(ISNUMBER(E77),INT(E77)>39) -> FALSE | H77: =IF(AND(OR(Colectiva!E62=check!$D$14,Colectiva!E62=check!$D$16,Colectiva!E62=check!$D$17,Colectiva!E62=check!$D$18,Colectiva!E62=check!$D$19),OR(AND(ISNUMBER(Colectiva!H62),Colectiva!H62>=12))),TRUE) -> FALSE | I77: =Colectiva!I62 -> 0 | J77: =IF(AND(Colectiva!D62="Trifásica",I77>40),TRUE,IF(Colectiva!D62="Trifásica",IF(IFERROR(MATCH(I77,check!$H$23:$H$32,0),FALSE),TRUE),IF(IFERROR(MATCH(I77,check!$I$23:$I$45,0),FALSE),TRUE))) -> FALSE | K77: =ROUND(I77,0)<ROUND(E77,0) -> FALSE | L77: =AND(J77,K77) -> FALSE | N77: =Colectiva!Q62 -> 0 | O77: =IF(AND(Colectiva!M62="Trifásica",N77>40),TRUE,IF(Colectiva!M62="Trifásica",IF(IFERROR(MATCH(N77,check!$H$23:$H$32,0),FALSE),TRUE),IF(IFERROR(MATCH(N77,check!$I$23:$I$45,0),FALSE),TRUE))) -> FALSE | P77: =AND(ISNUMBER(N77),INT(N77)>39) -> FALSE | Q77: =IF(AND(OR(Colectiva!N62=check!$D$14,Colectiva!N62=check!$D$16,Colectiva!N62=check!$D$17,Colectiva!N62=check!$D$18,Colectiva!N62=check!$D$19),OR(AND(ISNUMBER(Colectiva!Q62),Colectiva!Q62>=12))),TRUE) -> FALSE | R77: =Colectiva!R62 -> 0 | S77: =IF(AND(Colectiva!M62="Trifásica",R77>40),TRUE,IF(Colectiva!M62="Trifásica",IF(IFERROR(MATCH(R77,check!$H$23:$H$32,0),FALSE),TRUE),IF(IFERROR(MATCH(R77,check!$I$23:$I$45,0),FALSE),TRUE))) -> FALSE | T77: =ROUND(R77,0)<ROUND(N77,0) -> FALSE | U77: =AND(S77,T77) -> FALSE
E78: =Colectiva!H63 -> 0 | F78: =IF(AND(Colectiva!D63="Trifásica",E78>40),TRUE,IF(Colectiva!D63="Trifásica",IF(IFERROR(MATCH(E78,check!$H$23:$H$32,0),FALSE),TRUE),IF(IFERROR(MATCH(E78,check!$I$23:$I$45,0),FALSE),TRUE))) -> FALSE | G78: =AND(ISNUMBER(E78),INT(E78)>39) -> FALSE | H78: =IF(AND(OR(Colectiva!E63=check!$D$14,Colectiva!E63=check!$D$16,Colectiva!E63=check!$D$17,Colectiva!E63=check!$D$18,Colectiva!E63=check!$D$19),OR(AND(ISNUMBER(Colectiva!H63),Colectiva!H63>=12))),TRUE) -> FALSE | I78: =Colectiva!I63 -> 0 | J78: =IF(AND(Colectiva!D63="Trifásica",I78>40),TRUE,IF(Colectiva!D63="Trifásica",IF(IFERROR(MATCH(I78,check!$H$23:$H$32,0),FALSE),TRUE),IF(IFERROR(MATCH(I78,check!$I$23:$I$45,0),FALSE),TRUE))) -> FALSE | K78: =ROUND(I78,0)<ROUND(E78,0) -> FALSE | L78: =AND(J78,K78) -> FALSE | N78: =Colectiva!Q63 -> 0 | O78: =IF(AND(Colectiva!M63="Trifásica",N78>40),TRUE,IF(Colectiva!M63="Trifásica",IF(IFERROR(MATCH(N78,check!$H$23:$H$32,0),FALSE),TRUE),IF(IFERROR(MATCH(N78,check!$I$23:$I$45,0),FALSE),TRUE))) -> FALSE | P78: =AND(ISNUMBER(N78),INT(N78)>39) -> FALSE | Q78: =IF(AND(OR(Colectiva!N63=check!$D$14,Colectiva!N63=check!$D$16,Colectiva!N63=check!$D$17,Colectiva!N63=check!$D$18,Colectiva!N63=check!$D$19),OR(AND(ISNUMBER(Colectiva!Q63),Colectiva!Q63>=12))),TRUE) -> FALSE | R78: =Colectiva!R63 -> 0 | S78: =IF(AND(Colectiva!M63="Trifásica",R78>40),TRUE,IF(Colectiva!M63="Trifásica",IF(IFERROR(MATCH(R78,check!$H$23:$H$32,0),FALSE),TRUE),IF(IFERROR(MATCH(R78,check!$I$23:$I$45,0),FALSE),TRUE))) -> FALSE | T78: =ROUND(R78,0)<ROUND(N78,0) -> FALSE | U78: =AND(S78,T78) -> FALSE
E79: =Colectiva!H64 -> 0 | F79: =IF(AND(Colectiva!D64="Trifásica",E79>40),TRUE,IF(Colectiva!D64="Trifásica",IF(IFERROR(MATCH(E79,check!$H$23:$H$32,0),FALSE),TRUE),IF(IFERROR(MATCH(E79,check!$I$23:$I$45,0),FALSE),TRUE))) -> FALSE | G79: =AND(ISNUMBER(E79),INT(E79)>39) -> FALSE | H79: =IF(AND(OR(Colectiva!E64=check!$D$14,Colectiva!E64=check!$D$16,Colectiva!E64=check!$D$17,Colectiva!E64=check!$D$18,Colectiva!E64=check!$D$19),OR(AND(ISNUMBER(Colectiva!H64),Colectiva!H64>=12))),TRUE) -> FALSE | I79: =Colectiva!I64 -> 0 | J79: =IF(AND(Colectiva!D64="Trifásica",I79>40),TRUE,IF(Colectiva!D64="Trifásica",IF(IFERROR(MATCH(I79,check!$H$23:$H$32,0),FALSE),TRUE),IF(IFERROR(MATCH(I79,check!$I$23:$I$45,0),FALSE),TRUE))) -> FALSE | K79: =ROUND(I79,0)<ROUND(E79,0) -> FALSE | L79: =AND(J79,K79) -> FALSE | N79: =Colectiva!Q64 -> 0 | O79: =IF(AND(Colectiva!M64="Trifásica",N79>40),TRUE,IF(Colectiva!M64="Trifásica",IF(IFERROR(MATCH(N79,check!$H$23:$H$32,0),FALSE),TRUE),IF(IFERROR(MATCH(N79,check!$I$23:$I$45,0),FALSE),TRUE))) -> FALSE | P79: =AND(ISNUMBER(N79),INT(N79)>39) -> FALSE | Q79: =IF(AND(OR(Colectiva!N64=check!$D$14,Colectiva!N64=check!$D$16,Colectiva!N64=check!$D$17,Colectiva!N64=check!$D$18,Colectiva!N64=check!$D$19),OR(AND(ISNUMBER(Colectiva!Q64),Colectiva!Q64>=12))),TRUE) -> FALSE | R79: =Colectiva!R64 -> 0 | S79: =IF(AND(Colectiva!M64="Trifásica",R79>40),TRUE,IF(Colectiva!M64="Trifásica",IF(IFERROR(MATCH(R79,check!$H$23:$H$32,0),FALSE),TRUE),IF(IFERROR(MATCH(R79,check!$I$23:$I$45,0),FALSE),TRUE))) -> FALSE | T79: =ROUND(R79,0)<ROUND(N79,0) -> FALSE | U79: =AND(S79,T79) -> FALSE
E80: =Colectiva!H65 -> 0 | F80: =IF(AND(Colectiva!D65="Trifásica",E80>40),TRUE,IF(Colectiva!D65="Trifásica",IF(IFERROR(MATCH(E80,check!$H$23:$H$32,0),FALSE),TRUE),IF(IFERROR(MATCH(E80,check!$I$23:$I$45,0),FALSE),TRUE))) -> FALSE | G80: =AND(ISNUMBER(E80),INT(E80)>39) -> FALSE | H80: =IF(AND(OR(Colectiva!E65=check!$D$14,Colectiva!E65=check!$D$16,Colectiva!E65=check!$D$17,Colectiva!E65=check!$D$18,Colectiva!E65=check!$D$19),OR(AND(ISNUMBER(Colectiva!H65),Colectiva!H65>=12))),TRUE) -> FALSE | I80: =Colectiva!I65 -> 0 | J80: =IF(AND(Colectiva!D65="Trifásica",I80>40),TRUE,IF(Colectiva!D65="Trifásica",IF(IFERROR(MATCH(I80,check!$H$23:$H$32,0),FALSE),TRUE),IF(IFERROR(MATCH(I80,check!$I$23:$I$45,0),FALSE),TRUE))) -> FALSE | K80: =ROUND(I80,0)<ROUND(E80,0) -> FALSE | L80: =AND(J80,K80) -> FALSE | N80: =Colectiva!Q65 -> 0 | O80: =IF(AND(Colectiva!M65="Trifásica",N80>40),TRUE,IF(Colectiva!M65="Trifásica",IF(IFERROR(MATCH(N80,check!$H$23:$H$32,0),FALSE),TRUE),IF(IFERROR(MATCH(N80,check!$I$23:$I$45,0),FALSE),TRUE))) -> FALSE | P80: =AND(ISNUMBER(N80),INT(N80)>39) -> FALSE | Q80: =IF(AND(OR(Colectiva!N65=check!$D$14,Colectiva!N65=check!$D$16,Colectiva!N65=check!$D$17,Colectiva!N65=check!$D$18,Colectiva!N65=check!$D$19),OR(AND(ISNUMBER(Colectiva!Q65),Colectiva!Q65>=12))),TRUE) -> FALSE | R80: =Colectiva!R65 -> 0 | S80: =IF(AND(Colectiva!M65="Trifásica",R80>40),TRUE,IF(Colectiva!M65="Trifásica",IF(IFERROR(MATCH(R80,check!$H$23:$H$32,0),FALSE),TRUE),IF(IFERROR(MATCH(R80,check!$I$23:$I$45,0),FALSE),TRUE))) -> FALSE | T80: =ROUND(R80,0)<ROUND(N80,0) -> FALSE | U80: =AND(S80,T80) -> FALSE
E81: =Colectiva!H66 -> 0 | F81: =IF(AND(Colectiva!D66="Trifásica",E81>40),TRUE,IF(Colectiva!D66="Trifásica",IF(IFERROR(MATCH(E81,check!$H$23:$H$32,0),FALSE),TRUE),IF(IFERROR(MATCH(E81,check!$I$23:$I$45,0),FALSE),TRUE))) -> FALSE | G81: =AND(ISNUMBER(E81),INT(E81)>39) -> FALSE | H81: =IF(AND(OR(Colectiva!E66=check!$D$14,Colectiva!E66=check!$D$16,Colectiva!E66=check!$D$17,Colectiva!E66=check!$D$18,Colectiva!E66=check!$D$19),OR(AND(ISNUMBER(Colectiva!H66),Colectiva!H66>=12))),TRUE) -> FALSE | I81: =Colectiva!I66 -> 0 | J81: =IF(AND(Colectiva!D66="Trifásica",I81>40),TRUE,IF(Colectiva!D66="Trifásica",IF(IFERROR(MATCH(I81,check!$H$23:$H$32,0),FALSE),TRUE),IF(IFERROR(MATCH(I81,check!$I$23:$I$45,0),FALSE),TRUE))) -> FALSE | K81: =ROUND(I81,0)<ROUND(E81,0) -> FALSE | L81: =AND(J81,K81) -> FALSE | N81: =Colectiva!Q66 -> 0 | O81: =IF(AND(Colectiva!M66="Trifásica",N81>40),TRUE,IF(Colectiva!M66="Trifásica",IF(IFERROR(MATCH(N81,check!$H$23:$H$32,0),FALSE),TRUE),IF(IFERROR(MATCH(N81,check!$I$23:$I$45,0),FALSE),TRUE))) -> FALSE | P81: =AND(ISNUMBER(N81),INT(N81)>39) -> FALSE | Q81: =IF(AND(OR(Colectiva!N66=check!$D$14,Colectiva!N66=check!$D$16,Colectiva!N66=check!$D$17,Colectiva!N66=check!$D$18,Colectiva!N66=check!$D$19),OR(AND(ISNUMBER(Colectiva!Q66),Colectiva!Q66>=12))),TRUE) -> FALSE | R81: =Colectiva!R66 -> 0 | S81: =IF(AND(Colectiva!M66="Trifásica",R81>40),TRUE,IF(Colectiva!M66="Trifásica",IF(IFERROR(MATCH(R81,check!$H$23:$H$32,0),FALSE),TRUE),IF(IFERROR(MATCH(R81,check!$I$23:$I$45,0),FALSE),TRUE))) -> FALSE | T81: =ROUND(R81,0)<ROUND(N81,0) -> FALSE | U81: =AND(S81,T81) -> FALSE
E82: =Colectiva!H67 -> 0 | F82: =IF(AND(Colectiva!D67="Trifásica",E82>40),TRUE,IF(Colectiva!D67="Trifásica",IF(IFERROR(MATCH(E82,check!$H$23:$H$32,0),FALSE),TRUE),IF(IFERROR(MATCH(E82,check!$I$23:$I$45,0),FALSE),TRUE))) -> FALSE | G82: =AND(ISNUMBER(E82),INT(E82)>39) -> FALSE | H82: =IF(AND(OR(Colectiva!E67=check!$D$14,Colectiva!E67=check!$D$16,Colectiva!E67=check!$D$17,Colectiva!E67=check!$D$18,Colectiva!E67=check!$D$19),OR(AND(ISNUMBER(Colectiva!H67),Colectiva!H67>=12))),TRUE) -> FALSE | I82: =Colectiva!I67 -> 0 | J82: =IF(AND(Colectiva!D67="Trifásica",I82>40),TRUE,IF(Colectiva!D67="Trifásica",IF(IFERROR(MATCH(I82,check!$H$23:$H$32,0),FALSE),TRUE),IF(IFERROR(MATCH(I82,check!$I$23:$I$45,0),FALSE),TRUE))) -> FALSE | K82: =ROUND(I82,0)<ROUND(E82,0) -> FALSE | L82: =AND(J82,K82) -> FALSE | N82: =Colectiva!Q67 -> 0 | O82: =IF(AND(Colectiva!M67="Trifásica",N82>40),TRUE,IF(Colectiva!M67="Trifásica",IF(IFERROR(MATCH(N82,check!$H$23:$H$32,0),FALSE),TRUE),IF(IFERROR(MATCH(N82,check!$I$23:$I$45,0),FALSE),TRUE))) -> FALSE | P82: =AND(ISNUMBER(N82),INT(N82)>39) -> FALSE | Q82: =IF(AND(OR(Colectiva!N67=check!$D$14,Colectiva!N67=check!$D$16,Colectiva!N67=check!$D$17,Colectiva!N67=check!$D$18,Colectiva!N67=check!$D$19),OR(AND(ISNUMBER(Colectiva!Q67),Colectiva!Q67>=12))),TRUE) -> FALSE | R82: =Colectiva!R67 -> 0 | S82: =IF(AND(Colectiva!M67="Trifásica",R82>40),TRUE,IF(Colectiva!M67="Trifásica",IF(IFERROR(MATCH(R82,check!$H$23:$H$32,0),FALSE),TRUE),IF(IFERROR(MATCH(R82,check!$I$23:$I$45,0),FALSE),TRUE))) -> FALSE | T82: =ROUND(R82,0)<ROUND(N82,0) -> FALSE | U82: =AND(S82,T82) -> FALSE
E83: =Colectiva!H68 -> 0 | F83: =IF(AND(Colectiva!D68="Trifásica",E83>40),TRUE,IF(Colectiva!D68="Trifásica",IF(IFERROR(MATCH(E83,check!$H$23:$H$32,0),FALSE),TRUE),IF(IFERROR(MATCH(E83,check!$I$23:$I$45,0),FALSE),TRUE))) -> FALSE | G83: =AND(ISNUMBER(E83),INT(E83)>39) -> FALSE | H83: =IF(AND(OR(Colectiva!E68=check!$D$14,Colectiva!E68=check!$D$16,Colectiva!E68=check!$D$17,Colectiva!E68=check!$D$18,Colectiva!E68=check!$D$19),OR(AND(ISNUMBER(Colectiva!H68),Colectiva!H68>=12))),TRUE) -> FALSE | I83: =Colectiva!I68 -> 0 | J83: =IF(AND(Colectiva!D68="Trifásica",I83>40),TRUE,IF(Colectiva!D68="Trifásica",IF(IFERROR(MATCH(I83,check!$H$23:$H$32,0),FALSE),TRUE),IF(IFERROR(MATCH(I83,check!$I$23:$I$45,0),FALSE),TRUE))) -> FALSE | K83: =ROUND(I83,0)<ROUND(E83,0) -> FALSE | L83: =AND(J83,K83) -> FALSE | N83: =Colectiva!Q68 -> 0 | O83: =IF(AND(Colectiva!M68="Trifásica",N83>40),TRUE,IF(Colectiva!M68="Trifásica",IF(IFERROR(MATCH(N83,check!$H$23:$H$32,0),FALSE),TRUE),IF(IFERROR(MATCH(N83,check!$I$23:$I$45,0),FALSE),TRUE))) -> FALSE | P83: =AND(ISNUMBER(N83),INT(N83)>39) -> FALSE | Q83: =IF(AND(OR(Colectiva!N68=check!$D$14,Colectiva!N68=check!$D$16,Colectiva!N68=check!$D$17,Colectiva!N68=check!$D$18,Colectiva!N68=check!$D$19),OR(AND(ISNUMBER(Colectiva!Q68),Colectiva!Q68>=12))),TRUE) -> FALSE | R83: =Colectiva!R68 -> 0 | S83: =IF(AND(Colectiva!M68="Trifásica",R83>40),TRUE,IF(Colectiva!M68="Trifásica",IF(IFERROR(MATCH(R83,check!$H$23:$H$32,0),FALSE),TRUE),IF(IFERROR(MATCH(R83,check!$I$23:$I$45,0),FALSE),TRUE))) -> FALSE | T83: =ROUND(R83,0)<ROUND(N83,0) -> FALSE | U83: =AND(S83,T83) -> FALSE
E84: =Colectiva!H69 -> 0 | F84: =IF(AND(Colectiva!D69="Trifásica",E84>40),TRUE,IF(Colectiva!D69="Trifásica",IF(IFERROR(MATCH(E84,check!$H$23:$H$32,0),FALSE),TRUE),IF(IFERROR(MATCH(E84,check!$I$23:$I$45,0),FALSE),TRUE))) -> FALSE | G84: =AND(ISNUMBER(E84),INT(E84)>39) -> FALSE | H84: =IF(AND(OR(Colectiva!E69=check!$D$14,Colectiva!E69=check!$D$16,Colectiva!E69=check!$D$17,Colectiva!E69=check!$D$18,Colectiva!E69=check!$D$19),OR(AND(ISNUMBER(Colectiva!H69),Colectiva!H69>=12))),TRUE) -> FALSE | I84: =Colectiva!I69 -> 0 | J84: =IF(AND(Colectiva!D69="Trifásica",I84>40),TRUE,IF(Colectiva!D69="Trifásica",IF(IFERROR(MATCH(I84,check!$H$23:$H$32,0),FALSE),TRUE),IF(IFERROR(MATCH(I84,check!$I$23:$I$45,0),FALSE),TRUE))) -> FALSE | K84: =ROUND(I84,0)<ROUND(E84,0) -> FALSE | L84: =AND(J84,K84) -> FALSE | N84: =Colectiva!Q69 -> 0 | O84: =IF(AND(Colectiva!M69="Trifásica",N84>40),TRUE,IF(Colectiva!M69="Trifásica",IF(IFERROR(MATCH(N84,check!$H$23:$H$32,0),FALSE),TRUE),IF(IFERROR(MATCH(N84,check!$I$23:$I$45,0),FALSE),TRUE))) -> FALSE | P84: =AND(ISNUMBER(N84),INT(N84)>39) -> FALSE | Q84: =IF(AND(OR(Colectiva!N69=check!$D$14,Colectiva!N69=check!$D$16,Colectiva!N69=check!$D$17,Colectiva!N69=check!$D$18,Colectiva!N69=check!$D$19),OR(AND(ISNUMBER(Colectiva!Q69),Colectiva!Q69>=12))),TRUE) -> FALSE | R84: =Colectiva!R69 -> 0 | S84: =IF(AND(Colectiva!M69="Trifásica",R84>40),TRUE,IF(Colectiva!M69="Trifásica",IF(IFERROR(MATCH(R84,check!$H$23:$H$32,0),FALSE),TRUE),IF(IFERROR(MATCH(R84,check!$I$23:$I$45,0),FALSE),TRUE))) -> FALSE | T84: =ROUND(R84,0)<ROUND(N84,0) -> FALSE | U84: =AND(S84,T84) -> FALSE
E85: =Colectiva!H70 -> 0 | F85: =IF(AND(Colectiva!D70="Trifásica",E85>40),TRUE,IF(Colectiva!D70="Trifásica",IF(IFERROR(MATCH(E85,check!$H$23:$H$32,0),FALSE),TRUE),IF(IFERROR(MATCH(E85,check!$I$23:$I$45,0),FALSE),TRUE))) -> FALSE | G85: =AND(ISNUMBER(E85),INT(E85)>39) -> FALSE | H85: =IF(AND(OR(Colectiva!E70=check!$D$14,Colectiva!E70=check!$D$16,Colectiva!E70=check!$D$17,Colectiva!E70=check!$D$18,Colectiva!E70=check!$D$19),OR(AND(ISNUMBER(Colectiva!H70),Colectiva!H70>=12))),TRUE) -> FALSE | I85: =Colectiva!I70 -> 0 | J85: =IF(AND(Colectiva!D70="Trifásica",I85>40),TRUE,IF(Colectiva!D70="Trifásica",IF(IFERROR(MATCH(I85,check!$H$23:$H$32,0),FALSE),TRUE),IF(IFERROR(MATCH(I85,check!$I$23:$I$45,0),FALSE),TRUE))) -> FALSE | K85: =ROUND(I85,0)<ROUND(E85,0) -> FALSE | L85: =AND(J85,K85) -> FALSE | N85: =Colectiva!Q70 -> 0 | O85: =IF(AND(Colectiva!M70="Trifásica",N85>40),TRUE,IF(Colectiva!M70="Trifásica",IF(IFERROR(MATCH(N85,check!$H$23:$H$32,0),FALSE),TRUE),IF(IFERROR(MATCH(N85,check!$I$23:$I$45,0),FALSE),TRUE))) -> FALSE | P85: =AND(ISNUMBER(N85),INT(N85)>39) -> FALSE | Q85: =IF(AND(OR(Colectiva!N70=check!$D$14,Colectiva!N70=check!$D$16,Colectiva!N70=check!$D$17,Colectiva!N70=check!$D$18,Colectiva!N70=check!$D$19),OR(AND(ISNUMBER(Colectiva!Q70),Colectiva!Q70>=12))),TRUE) -> FALSE | R85: =Colectiva!R70 -> 0 | S85: =IF(AND(Colectiva!M70="Trifásica",R85>40),TRUE,IF(Colectiva!M70="Trifásica",IF(IFERROR(MATCH(R85,check!$H$23:$H$32,0),FALSE),TRUE),IF(IFERROR(MATCH(R85,check!$I$23:$I$45,0),FALSE),TRUE))) -> FALSE | T85: =ROUND(R85,0)<ROUND(N85,0) -> FALSE | U85: =AND(S85,T85) -> FALSE
E86: =Colectiva!H71 -> 0 | F86: =IF(AND(Colectiva!D71="Trifásica",E86>40),TRUE,IF(Colectiva!D71="Trifásica",IF(IFERROR(MATCH(E86,check!$H$23:$H$32,0),FALSE),TRUE),IF(IFERROR(MATCH(E86,check!$I$23:$I$45,0),FALSE),TRUE))) -> FALSE | G86: =AND(ISNUMBER(E86),INT(E86)>39) -> FALSE | H86: =IF(AND(OR(Colectiva!E71=check!$D$14,Colectiva!E71=check!$D$16,Colectiva!E71=check!$D$17,Colectiva!E71=check!$D$18,Colectiva!E71=check!$D$19),OR(AND(ISNUMBER(Colectiva!H71),Colectiva!H71>=12))),TRUE) -> FALSE | I86: =Colectiva!I71 -> 0 | J86: =IF(AND(Colectiva!D71="Trifásica",I86>40),TRUE,IF(Colectiva!D71="Trifásica",IF(IFERROR(MATCH(I86,check!$H$23:$H$32,0),FALSE),TRUE),IF(IFERROR(MATCH(I86,check!$I$23:$I$45,0),FALSE),TRUE))) -> FALSE | K86: =ROUND(I86,0)<ROUND(E86,0) -> FALSE | L86: =AND(J86,K86) -> FALSE | N86: =Colectiva!Q71 -> 0 | O86: =IF(AND(Colectiva!M71="Trifásica",N86>40),TRUE,IF(Colectiva!M71="Trifásica",IF(IFERROR(MATCH(N86,check!$H$23:$H$32,0),FALSE),TRUE),IF(IFERROR(MATCH(N86,check!$I$23:$I$45,0),FALSE),TRUE))) -> FALSE | P86: =AND(ISNUMBER(N86),INT(N86)>39) -> FALSE | Q86: =IF(AND(OR(Colectiva!N71=check!$D$14,Colectiva!N71=check!$D$16,Colectiva!N71=check!$D$17,Colectiva!N71=check!$D$18,Colectiva!N71=check!$D$19),OR(AND(ISNUMBER(Colectiva!Q71),Colectiva!Q71>=12))),TRUE) -> FALSE | R86: =Colectiva!R71 -> 0 | S86: =IF(AND(Colectiva!M71="Trifásica",R86>40),TRUE,IF(Colectiva!M71="Trifásica",IF(IFERROR(MATCH(R86,check!$H$23:$H$32,0),FALSE),TRUE),IF(IFERROR(MATCH(R86,check!$I$23:$I$45,0),FALSE),TRUE))) -> FALSE | T86: =ROUND(R86,0)<ROUND(N86,0) -> FALSE | U86: =AND(S86,T86) -> FALSE
E87: =Colectiva!H72 -> 0 | F87: =IF(AND(Colectiva!D72="Trifásica",E87>40),TRUE,IF(Colectiva!D72="Trifásica",IF(IFERROR(MATCH(E87,check!$H$23:$H$32,0),FALSE),TRUE),IF(IFERROR(MATCH(E87,check!$I$23:$I$45,0),FALSE),TRUE))) -> FALSE | G87: =AND(ISNUMBER(E87),INT(E87)>39) -> FALSE | H87: =IF(AND(OR(Colectiva!E72=check!$D$14,Colectiva!E72=check!$D$16,Colectiva!E72=check!$D$17,Colectiva!E72=check!$D$18,Colectiva!E72=check!$D$19),OR(AND(ISNUMBER(Colectiva!H72),Colectiva!H72>=12))),TRUE) -> FALSE | I87: =Colectiva!I72 -> 0 | J87: =IF(AND(Colectiva!D72="Trifásica",I87>40),TRUE,IF(Colectiva!D72="Trifásica",IF(IFERROR(MATCH(I87,check!$H$23:$H$32,0),FALSE),TRUE),IF(IFERROR(MATCH(I87,check!$I$23:$I$45,0),FALSE),TRUE))) -> FALSE | K87: =ROUND(I87,0)<ROUND(E87,0) -> FALSE | L87: =AND(J87,K87) -> FALSE | N87: =Colectiva!Q72 -> 0 | O87: =IF(AND(Colectiva!M72="Trifásica",N87>40),TRUE,IF(Colectiva!M72="Trifásica",IF(IFERROR(MATCH(N87,check!$H$23:$H$32,0),FALSE),TRUE),IF(IFERROR(MATCH(N87,check!$I$23:$I$45,0),FALSE),TRUE))) -> FALSE | P87: =AND(ISNUMBER(N87),INT(N87)>39) -> FALSE | Q87: =IF(AND(OR(Colectiva!N72=check!$D$14,Colectiva!N72=check!$D$16,Colectiva!N72=check!$D$17,Colectiva!N72=check!$D$18,Colectiva!N72=check!$D$19),OR(AND(ISNUMBER(Colectiva!Q72),Colectiva!Q72>=12))),TRUE) -> FALSE | R87: =Colectiva!R72 -> 0 | S87: =IF(AND(Colectiva!M72="Trifásica",R87>40),TRUE,IF(Colectiva!M72="Trifásica",IF(IFERROR(MATCH(R87,check!$H$23:$H$32,0),FALSE),TRUE),IF(IFERROR(MATCH(R87,check!$I$23:$I$45,0),FALSE),TRUE))) -> FALSE | T87: =ROUND(R87,0)<ROUND(N87,0) -> FALSE | U87: =AND(S87,T87) -> FALSE
E88: =Colectiva!H73 -> 0 | F88: =IF(AND(Colectiva!D73="Trifásica",E88>40),TRUE,IF(Colectiva!D73="Trifásica",IF(IFERROR(MATCH(E88,check!$H$23:$H$32,0),FALSE),TRUE),IF(IFERROR(MATCH(E88,check!$I$23:$I$45,0),FALSE),TRUE))) -> FALSE | G88: =AND(ISNUMBER(E88),INT(E88)>39) -> FALSE | H88: =IF(AND(OR(Colectiva!E73=check!$D$14,Colectiva!E73=check!$D$16,Colectiva!E73=check!$D$17,Colectiva!E73=check!$D$18,Colectiva!E73=check!$D$19),OR(AND(ISNUMBER(Colectiva!H73),Colectiva!H73>=12))),TRUE) -> FALSE | I88: =Colectiva!I73 -> 0 | J88: =IF(AND(Colectiva!D73="Trifásica",I88>40),TRUE,IF(Colectiva!D73="Trifásica",IF(IFERROR(MATCH(I88,check!$H$23:$H$32,0),FALSE),TRUE),IF(IFERROR(MATCH(I88,check!$I$23:$I$45,0),FALSE),TRUE))) -> FALSE | K88: =ROUND(I88,0)<ROUND(E88,0) -> FALSE | L88: =AND(J88,K88) -> FALSE | N88: =Colectiva!Q73 -> 0 | O88: =IF(AND(Colectiva!M73="Trifásica",N88>40),TRUE,IF(Colectiva!M73="Trifásica",IF(IFERROR(MATCH(N88,check!$H$23:$H$32,0),FALSE),TRUE),IF(IFERROR(MATCH(N88,check!$I$23:$I$45,0),FALSE),TRUE))) -> FALSE | P88: =AND(ISNUMBER(N88),INT(N88)>39) -> FALSE | Q88: =IF(AND(OR(Colectiva!N73=check!$D$14,Colectiva!N73=check!$D$16,Colectiva!N73=check!$D$17,Colectiva!N73=check!$D$18,Colectiva!N73=check!$D$19),OR(AND(ISNUMBER(Colectiva!Q73),Colectiva!Q73>=12))),TRUE) -> FALSE | R88: =Colectiva!R73 -> 0 | S88: =IF(AND(Colectiva!M73="Trifásica",R88>40),TRUE,IF(Colectiva!M73="Trifásica",IF(IFERROR(MATCH(R88,check!$H$23:$H$32,0),FALSE),TRUE),IF(IFERROR(MATCH(R88,check!$I$23:$I$45,0),FALSE),TRUE))) -> FALSE | T88: =ROUND(R88,0)<ROUND(N88,0) -> FALSE | U88: =AND(S88,T88) -> FALSE
E89: =Colectiva!H74 -> 0 | F89: =IF(AND(Colectiva!D74="Trifásica",E89>40),TRUE,IF(Colectiva!D74="Trifásica",IF(IFERROR(MATCH(E89,check!$H$23:$H$32,0),FALSE),TRUE),IF(IFERROR(MATCH(E89,check!$I$23:$I$45,0),FALSE),TRUE))) -> FALSE | G89: =AND(ISNUMBER(E89),INT(E89)>39) -> FALSE | H89: =IF(AND(OR(Colectiva!E74=check!$D$14,Colectiva!E74=check!$D$16,Colectiva!E74=check!$D$17,Colectiva!E74=check!$D$18,Colectiva!E74=check!$D$19),OR(AND(ISNUMBER(Colectiva!H74),Colectiva!H74>=12))),TRUE) -> FALSE | I89: =Colectiva!I74 -> 0 | J89: =IF(AND(Colectiva!D74="Trifásica",I89>40),TRUE,IF(Colectiva!D74="Trifásica",IF(IFERROR(MATCH(I89,check!$H$23:$H$32,0),FALSE),TRUE),IF(IFERROR(MATCH(I89,check!$I$23:$I$45,0),FALSE),TRUE))) -> FALSE | K89: =ROUND(I89,0)<ROUND(E89,0) -> FALSE | L89: =AND(J89,K89) -> FALSE | N89: =Colectiva!Q74 -> 0 | O89: =IF(AND(Colectiva!M74="Trifásica",N89>40),TRUE,IF(Colectiva!M74="Trifásica",IF(IFERROR(MATCH(N89,check!$H$23:$H$32,0),FALSE),TRUE),IF(IFERROR(MATCH(N89,check!$I$23:$I$45,0),FALSE),TRUE))) -> FALSE | P89: =AND(ISNUMBER(N89),INT(N89)>39) -> FALSE | Q89: =IF(AND(OR(Colectiva!N74=check!$D$14,Colectiva!N74=check!$D$16,Colectiva!N74=check!$D$17,Colectiva!N74=check!$D$18,Colectiva!N74=check!$D$19),OR(AND(ISNUMBER(Colectiva!Q74),Colectiva!Q74>=12))),TRUE) -> FALSE | R89: =Colectiva!R74 -> 0 | S89: =IF(AND(Colectiva!M74="Trifásica",R89>40),TRUE,IF(Colectiva!M74="Trifásica",IF(IFERROR(MATCH(R89,check!$H$23:$H$32,0),FALSE),TRUE),IF(IFERROR(MATCH(R89,check!$I$23:$I$45,0),FALSE),TRUE))) -> FALSE | T89: =ROUND(R89,0)<ROUND(N89,0) -> FALSE | U89: =AND(S89,T89) -> FALSE
... E130: =Colectiva!H115 -> 0 | F130: =IF(AND(Colectiva!D115="Trifásica",E130>40),TRUE,IF(Colectiva!D115="Trifásica",IF(IFERROR(MATCH(E130,check!$H$23:$H$32,0),FALSE),TRUE),IF(IFERROR(MATCH(E130,check!$I$23:$I$45,0),FALSE),TRUE))) -> FALSE | G130: =AND(ISNUMBER(E130),INT(E130)>39) -> FALSE | H130: =IF(AND(OR(Colectiva!E115=check!$D$14,Colectiva!E115=check!$D$16,Colectiva!E115=check!$D$17,Colectiva!E115=check!$D$18,Colectiva!E115=check!$D$19),OR(AND(ISNUMBER(Colectiva!H115),Colectiva!H115>=12))),TRUE) -> FALSE | I130: =Colectiva!I115 -> 0 | J130: =IF(AND(Colectiva!D115="Trifásica",I130>40),TRUE,IF(Colectiva!D115="Trifásica",IF(IFERROR(MATCH(I130,check!$H$23:$H$32,0),FALSE),TRUE),IF(IFERROR(MATCH(I130,check!$I$23:$I$45,0),FALSE),TRUE))) -> FALSE | K130: =ROUND(I130,0)<ROUND(E130,0) -> FALSE | L130: =AND(J130,K130) -> FALSE | N130: =Colectiva!Q115 -> 0 | O130: =IF(AND(Colectiva!M115="Trifásica",N130>40),TRUE,IF(Colectiva!M115="Trifásica",IF(IFERROR(MATCH(N130,check!$H$23:$H$32,0),FALSE),TRUE),IF(IFERROR(MATCH(N130,check!$I$23:$I$45,0),FALSE),TRUE))) -> FALSE | P130: =AND(ISNUMBER(N130),INT(N130)>39) -> FALSE | Q130: =IF(AND(OR(Colectiva!N115=check!$D$14,Colectiva!N115=check!$D$16,Colectiva!N115=check!$D$17,Colectiva!N115=check!$D$18,Colectiva!N115=check!$D$19),OR(AND(ISNUMBER(Colectiva!Q115),Colectiva!Q115>=12))),TRUE) -> FALSE | R130: =Colectiva!R115 -> 0 | S130: =IF(AND(Colectiva!M115="Trifásica",R130>40),TRUE,IF(Colectiva!M115="Trifásica",IF(IFERROR(MATCH(R130,check!$H$23:$H$32,0),FALSE),TRUE),IF(IFERROR(MATCH(R130,check!$I$23:$I$45,0),FALSE),TRUE))) -> FALSE | T130: =ROUND(R130,0)<ROUND(N130,0) -> FALSE | U130: =AND(S130,T130) -> FALSE
